date,pm25
2014-01-10, 47
2014-01-11, 43
2014-01-12, 60
2014-01-13, 48
2014-01-14, 53
2014-01-15, 63
2014-01-16, 49
2014-01-17, 47
2014-01-18, 58
2014-01-19, 50
2014-01-02, 43
2014-01-20, 36
2014-01-21, 64
2014-01-22, 49
2014-01-23, 48
2014-01-24, 57
2014-01-25, 58
2014-01-26, 38
2014-01-27, 64
2014-01-28, 77
2014-01-29, 69
2014-01-03, 32
2014-01-30, 62
2014-01-31, 62
2014-01-04, 41
2014-01-05, 38
2014-01-06, 41
2014-01-07, 52
2014-01-08, 59
2014-01-09, 57
2014-10-01, 65
2014-10-10, 94
2014-10-11, 89
2014-10-12, 126
2014-10-13, 113
2014-10-14, 148
2014-10-15, 101
2014-10-16, 93
2014-10-17, 90
2014-10-18, 88
2014-10-19, 65
2014-10-02, 57
2014-10-20, 127
2014-10-21, 31
2014-10-22, 31
2014-10-23, 33
2014-10-24, 50
2014-10-25, 79
2014-10-26, 85
2014-10-27, 68
2014-10-28, 46
2014-10-29, 46
2014-10-03, 19
2014-10-30, 64
2014-10-31, 85
2014-10-04, 23
2014-10-05, 15
2014-10-06, 24
2014-10-07, 39
2014-10-08, 72
2014-10-09, 99
2014-11-01, 65
2014-11-10, 35
2014-11-11, 34
2014-11-12, 49
2014-11-13, 61
2014-11-14, 66
2014-11-15, 25
2014-11-16, 38
2014-11-17, 28
2014-11-18, 44
2014-11-19, 41
2014-11-02, 57
2014-11-20, 59
2014-11-21, 68
2014-11-22, 81
2014-11-23, 84
2014-11-24, 47
2014-11-25, 49
2014-11-26, 54
2014-11-27, 43
2014-11-28, 25
2014-11-29, 31
2014-11-03, 68
2014-11-30, 24
2014-11-04, 79
2014-11-05, 54
2014-11-06, 22
2014-11-07, 33
2014-11-08, 48
2014-11-09, 21
2014-12-01, 38
2014-12-10, 66
2014-12-11, 55
2014-12-12, 40
2014-12-13, 58
2014-12-14, 26
2014-12-15, 26
2014-12-16, 45
2014-12-17, 46
2014-12-18, 57
2014-12-19, 57
2014-12-02, 64
2014-12-20, 79
2014-12-21, 28
2014-12-22, 23
2014-12-23, 20
2014-12-24, 19
2014-12-25, 14
2014-12-26, 35
2014-12-27, 64
2014-12-28, 65
2014-12-29, 65
2014-12-03, 52
2014-12-04, 35
2014-12-05, 61
2014-12-06, 21
2014-12-07, 36
2014-12-08, 43
2014-12-09, 60
2014-02-01, 77
2014-02-10, 51
2014-02-11, 67
2014-02-12, 76
2014-02-13, 62
2014-02-14, 82
2014-02-15, 59
2014-02-16, 39
2014-02-17, 32
2014-02-18, 32
2014-02-19, 23
2014-02-02, 89
2014-02-20, 37
2014-02-21, 37
2014-02-03, 73
2014-02-04, 57
2014-02-05, 58
2014-02-06, 61
2014-02-07, 47
2014-02-08, 65
2014-02-09, 62
2014-04-10, 62
2014-04-11, 38
2014-04-12, 68
2014-04-13, 71
2014-04-14, 30
2014-04-15, 38
2014-04-16, 46
2014-04-17, 37
2014-04-18, 55
2014-04-19, 46
2014-04-20, 88
2014-04-21, 49
2014-04-22, 43
2014-04-23, 69
2014-04-24, 59
2014-04-25, 22
2014-04-26, 31
2014-04-27, 40
2014-04-28, 35
2014-04-29, 31
2014-04-30, 48
2014-05-01, 70
2014-05-10, 46
2014-05-11, 30
2014-05-12, 23
2014-05-13, 45
2014-05-14, 67
2014-05-15, 91
2014-05-16, 87
2014-05-17, 114
2014-05-18, 44
2014-05-19, 59
2014-05-02, 65
2014-05-20, 62
2014-05-21, 82
2014-05-22, 87
2014-05-23, 46
2014-05-24, 42
2014-05-25, 9
2014-05-26, 60
2014-05-27, 67
2014-05-28, 79
2014-05-29, 22
2014-05-03, 114
2014-05-30, 39
2014-05-31, 36
2014-05-04, 116
2014-05-05, 108
2014-05-06, 119
2014-05-07, 128
2014-05-08, 128
2014-05-09, 107
2014-06-01, 58
2014-06-10, 44
2014-06-11, 27
2014-06-12, 29
2014-06-13, 50
2014-06-14, 54
2014-06-15, 61
2014-06-16, 75
2014-06-17, 58
2014-06-18, 112
2014-06-19, 73
2014-06-02, 66
2014-06-20, 20
2014-06-21, 39
2014-06-22, 47
2014-06-23, 50
2014-06-24, 75
2014-06-25, 117
2014-06-26, 122
2014-06-27, 117
2014-06-28, 133
2014-06-29, 126
2014-06-03, 39
2014-06-30, 97
2014-06-04, 52
2014-06-05, 72
2014-06-06, 100
2014-06-07, 64
2014-06-08, 93
2014-06-09, 80
2014-07-01, 38
2014-07-10, 33
2014-07-11, 28
2014-07-12, 42
2014-07-13, 35
2014-07-14, 46
2014-07-15, 53
2014-07-16, 66
2014-07-17, 81
2014-07-18, 117
2014-07-19, 71
2014-07-20, 31
2014-07-21, 48
2014-07-22, 60
2014-07-23, 82
2014-07-24, 74
2014-07-25, 62
2014-07-26, 40
2014-07-27, 61
2014-07-28, 18
2014-07-29, 27
2014-07-30, 28
2014-07-31, 50
2014-07-04, 126
2014-07-05, 139
2014-07-06, 123
2014-07-07, 69
2014-07-08, 96
2014-07-09, 34
2014-08-01, 81
2014-08-10, 29
2014-08-11, 44
2014-08-12, 108
2014-08-13, 137
2014-08-14, 92
2014-08-15, 20
2014-08-16, 41
2014-08-17, 52
2014-08-18, 46
2014-08-19, 61
2014-08-02, 110
2014-08-20, 78
2014-08-21, 63
2014-08-22, 72
2014-08-23, 121
2014-08-24, 117
2014-08-25, 95
2014-08-26, 131
2014-08-27, 136
2014-08-28, 52
2014-08-29, 62
2014-08-03, 90
2014-08-30, 64
2014-08-31, 71
2014-08-04, 90
2014-08-05, 113
2014-08-06, 44
2014-08-07, 50
2014-08-08, 94
2014-08-09, 68
2014-09-01, 66
2014-09-10, 90
2014-09-11, 65
2014-09-12, 114
2014-09-13, 83
2014-09-14, 89
2014-09-15, 99
2014-09-16, 116
2014-09-17, 56
2014-09-18, 52
2014-09-19, 68
2014-09-02, 40
2014-09-20, 69
2014-09-21, 67
2014-09-22, 32
2014-09-23, 30
2014-09-24, 51
2014-09-25, 73
2014-09-26, 87
2014-09-27, 88
2014-09-28, 36
2014-09-29, 41
2014-09-03, 85
2014-09-30, 49
2014-09-04, 36
2014-09-05, 23
2014-09-06, 23
2014-09-07, 44
2014-09-08, 70
2014-09-09, 73
2015-01-10, 69
2015-01-11, 85
2015-01-12, 36
2015-01-13, 59
2015-01-14, 71
2015-01-15, 69
2015-01-16, 57
2015-01-17, 77
2015-01-18, 90
2015-01-19, 71
2015-01-02, 55
2015-01-20, 77
2015-01-21, 79
2015-01-22, 47
2015-01-23, 21
2015-01-24, 27
2015-01-25, 39
2015-01-26, 33
2015-01-27, 42
2015-01-28, 42
2015-01-29, 49
2015-01-03, 30
2015-01-30, 37
2015-01-31, 28
2015-01-04, 37
2015-01-05, 29
2015-01-06, 44
2015-01-07, 42
2015-01-08, 52
2015-01-09, 51
2015-10-01, 64
2015-10-10, 79
2015-10-11, 43
2015-10-02, 61
2015-10-03, 68
2015-10-04, 69
2015-10-05, 34
2015-10-06, 23
2015-10-07, 60
2015-10-08, 68
2015-10-09, 75
2015-02-01, 15
2015-02-10, 46
2015-02-11, 50
2015-02-12, 36
2015-02-13, 55
2015-02-14, 67
2015-02-15, 53
2015-02-16, 27
2015-02-17, 35
2015-02-18, 37
2015-02-19, 22
2015-02-02, 25
2015-02-20, 22
2015-02-21, 33
2015-02-22, 60
2015-02-23, 56
2015-02-24, 59
2015-02-25, 48
2015-02-26, 59
2015-02-27, 48
2015-02-28, 65
2015-02-03, 29
2015-02-04, 57
2015-02-05, 65
2015-02-06, 36
2015-02-07, 32
2015-02-08, 41
2015-02-09, 52
2015-03-01, 23
2015-03-10, 31
2015-03-11, 38
2015-03-12, 46
2015-03-13, 62
2015-03-14, 54
2015-03-15, 68
2015-03-16, 59
2015-03-17, 56
2015-03-02, 35
2015-03-20, 123
2015-03-21, 49
2015-03-22, 55
2015-03-23, 44
2015-03-24, 53
2015-03-25, 50
2015-03-26, 65
2015-03-27, 65
2015-03-28, 71
2015-03-29, 73
2015-03-03, 39
2015-03-30, 61
2015-03-31, 55
2015-03-04, 59
2015-03-05, 65
2015-03-06, 76
2015-03-07, 86
2015-03-08, 60
2015-03-09, 46
2015-04-01, 52
2015-04-10, 73
2015-04-11, 55
2015-04-12, 50
2015-04-13, 90
2015-04-14, 72
2015-04-15, 64
2015-04-16, 75
2015-04-17, 74
2015-04-18, 63
2015-04-19, 55
2015-04-02, 66
2015-04-20, 69
2015-04-21, 66
2015-04-22, 59
2015-04-23, 27
2015-04-24, 62
2015-04-25, 63
2015-04-26, 56
2015-04-27, 53
2015-04-28, 52
2015-04-29, 57
2015-04-03, 50
2015-04-30, 44
2015-04-04, 63
2015-04-05, 60
2015-04-06, 64
2015-04-07, 50
2015-04-08, 48
2015-04-09, 60
2015-05-01, 38
2015-05-10, 56
2015-05-11, 74
2015-05-12, 66
2015-05-13, 53
2015-05-14, 29
2015-05-15, 40
2015-05-16, 53
2015-05-17, 53
2015-05-18, 58
2015-05-19, 67
2015-05-02, 49
2015-05-20, 53
2015-05-21, 58
2015-05-22, 58
2015-05-23, 70
2015-05-24, 62
2015-05-25, 46
2015-05-26, 70
2015-05-27, 62
2015-05-28, 56
2015-05-29, 53
2015-05-03, 67
2015-05-30, 37
2015-05-31, 63
2015-05-06, 48
2015-05-07, 38
2015-05-08, 60
2015-05-09, 39
2015-06-01, 47
2015-06-10, 109
2015-06-11, 107
2015-06-12, 81
2015-06-13, 48
2015-06-14, 44
2015-06-15, 70
2015-06-16, 47
2015-06-17, 42
2015-06-18, 63
2015-06-19, 99
2015-06-02, 28
2015-06-20, 21
2015-06-21, 24
2015-06-22, 50
2015-06-23, 81
2015-06-24, 83
2015-06-25, 28
2015-06-26, 27
2015-06-27, 36
2015-06-28, 43
2015-06-29, 63
2015-06-03, 42
2015-06-30, 98
2015-06-04, 51
2015-06-05, 61
2015-06-06, 98
2015-06-07, 88
2015-06-08, 65
2015-06-09, 87
2015-07-01, 79
2015-07-10, 27
2015-07-11, 67
2015-07-12, 53
2015-07-13, 71
2015-07-14, 66
2015-07-15, 60
2015-07-16, 101
2015-07-17, 78
2015-07-18, 81
2015-07-19, 102
2015-07-02, 56
2015-07-20, 66
2015-07-21, 66
2015-07-22, 53
2015-07-23, 37
2015-07-24, 50
2015-07-25, 34
2015-07-26, 56
2015-07-27, 44
2015-07-28, 64
2015-07-29, 92
2015-07-03, 53
2015-07-30, 119
2015-07-31, 112
2015-07-04, 59
2015-07-05, 44
2015-07-06, 40
2015-07-07, 48
2015-07-08, 66
2015-07-09, 66
2015-08-01, 98
2015-08-10, 86
2015-08-11, 63
2015-08-12, 71
2015-08-13, 96
2015-08-14, 90
2015-08-15, 102
2015-08-16, 81
2015-08-17, 63
2015-08-18, 75
2015-08-19, 68
2015-08-02, 114
2015-08-20, 77
2015-08-21, 38
2015-08-22, 44
2015-08-23, 63
2015-08-24, 92
2015-08-25, 34
2015-08-26, 48
2015-08-27, 70
2015-08-28, 58
2015-08-29, 64
2015-08-03, 99
2015-08-30, 55
2015-08-31, 77
2015-08-04, 83
2015-08-05, 111
2015-08-06, 72
2015-08-07, 93
2015-08-08, 104
2015-08-09, 107
2015-09-01, 99
2015-09-10, 33
2015-09-11, 71
2015-09-12, 39
2015-09-13, 36
2015-09-14, 31
2015-09-15, 43
2015-09-16, 55
2015-09-17, 73
2015-09-18, 82
2015-09-19, 107
2015-09-02, 107
2015-09-20, 79
2015-09-21, 61
2015-09-22, 64
2015-09-23, 109
2015-09-24, 114
2015-09-25, 127
2015-09-26, 139
2015-09-27, 61
2015-09-28, 51
2015-09-29, 54
2015-09-03, 45
2015-09-30, 70
2015-09-04, 61
2015-09-05, 53
2015-09-06, 40
2015-09-07, 61
2015-09-08, 56
2015-09-09, 46
2017-01-12, 46
2017-01-13, 33
2017-01-14, 30
2017-01-15, 48
2017-01-16, 50
2017-01-17, 30
2017-01-18, 25
2017-01-19, 40
2017-01-20, 32
2017-01-21, 45
2017-01-22, 42
2017-01-23, 32
2017-01-24, 43
2017-01-25, 49
2017-01-26, 29
2017-01-27, 43
2017-01-28, 47
2017-01-29, 44
2017-01-30, 50
2017-01-31, 52
2017-01-04, 54
2017-01-05, 44
2017-01-06, 44
2017-01-07, 40
2017-01-08, 41
2017-01-09, 48
2017-10-20, 75
2017-10-21, 36
2017-10-22, 69
2017-10-23, 62
2017-10-24, 27
2017-10-25, 42
2017-10-26, 66
2017-10-27, 35
2017-10-28, 60
2017-10-29, 34
2017-10-30, 57
2017-10-31, 60
2017-11-01, 33
2017-11-10, 71
2017-11-11, 194
2017-11-14, 33
2017-11-15, 45
2017-11-18, 52
2017-11-02, 31
2017-11-22, 47
2017-11-23, 68
2017-11-24, 14
2017-11-25, 48
2017-11-26, 105
2017-11-27, 61
2017-11-28, 22
2017-11-29, 18
2017-11-03, 30
2017-11-05, 48
2017-11-06, 15
2017-11-07, 31
2017-11-08, 29
2017-11-09, 44
2017-12-12, 78
2017-12-15, 70
2017-12-16, 110
2017-12-17, 101
2017-12-18, 77
2017-12-19, 39
2017-12-02, 37
2017-12-20, 55
2017-12-21, 59
2017-12-22, 55
2017-12-23, 41
2017-12-24, 27
2017-12-25, 26
2017-12-26, 43
2017-12-27, 31
2017-12-28, 35
2017-12-29, 44
2017-12-03, 17
2017-12-30, 36
2017-12-31, 23
2017-12-04, 27
2017-12-05, 39
2017-12-07, 22
2017-12-08, 56
2017-02-01, 51
2017-02-10, 36
2017-02-11, 44
2017-02-12, 46
2017-02-13, 44
2017-02-14, 42
2017-02-15, 5
2017-02-16, 48
2017-02-17, 66
2017-02-18, 67
2017-02-19, 74
2017-02-02, 51
2017-02-20, 62
2017-02-21, 69
2017-02-22, 66
2017-02-23, 55
2017-02-24, 62
2017-02-25, 54
2017-02-26, 34
2017-02-27, 41
2017-02-28, 48
2017-02-03, 48
2017-02-04, 36
2017-02-05, 45
2017-02-06, 43
2017-02-07, 51
2017-02-08, 47
2017-02-09, 45
2017-03-01, 47
2017-03-10, 50
2017-03-11, 68
2017-03-12, 66
2017-03-13, 51
2017-03-14, 32
2017-03-15, 32
2017-03-16, 51
2017-03-17, 59
2017-03-18, 71
2017-03-19, 25
2017-03-02, 46
2017-03-20, 23
2017-03-21, 24
2017-03-22, 29
2017-03-23, 34
2017-03-24, 45
2017-03-25, 62
2017-03-26, 58
2017-03-27, 42
2017-03-28, 39
2017-03-29, 30
2017-03-03, 34
2017-03-30, 25
2017-03-31, 23
2017-03-04, 43
2017-03-05, 39
2017-03-06, 23
2017-03-07, 56
2017-03-08, 48
2017-03-09, 35
2017-04-01, 24
2017-04-10, 34
2017-04-11, 60
2017-04-12, 59
2017-04-13, 26
2017-04-14, 20
2017-04-15, 41
2017-04-16, 53
2017-04-17, 61
2017-04-18, 27
2017-04-19, 27
2017-04-02, 22
2017-04-20, 29
2017-04-21, 58
2017-04-22, 54
2017-04-23, 24
2017-04-24, 23
2017-04-25, 39
2017-04-26, 50
2017-04-27, 46
2017-04-28, 32
2017-04-29, 31
2017-04-03, 34
2017-04-30, 32
2017-04-04, 42
2017-04-05, 56
2017-04-06, 79
2017-04-07, 63
2017-04-08, 29
2017-04-09, 43
2017-05-01, 29
2017-05-10, 73
2017-05-11, 44
2017-05-12, 36
2017-05-13, 44
2017-05-14, 66
2017-05-15, 43
2017-05-16, 29
2017-05-17, 37
2017-05-18, 36
2017-05-19, 50
2017-05-02, 40
2017-05-20, 42
2017-05-21, 59
2017-05-22, 43
2017-05-23, 26
2017-05-24, 38
2017-05-25, 71
2017-05-26, 98
2017-05-27, 96
2017-05-28, 98
2017-05-29, 74
2017-05-03, 66
2017-05-30, 66
2017-05-31, 55
2017-05-04, 75
2017-05-05, 81
2017-05-06, 57
2017-05-07, 35
2017-05-08, 32
2017-05-09, 61
2017-06-01, 52
2017-06-10, 47
2017-06-11, 35
2017-06-12, 82
2017-06-13, 106
2017-06-14, 105
2017-06-15, 51
2017-06-16, 46
2017-06-17, 53
2017-06-18, 96
2017-06-19, 83
2017-06-02, 52
2017-06-20, 85
2017-06-21, 13
2017-06-22, 25
2017-06-23, 45
2017-06-24, 53
2017-06-25, 55
2017-06-26, 42
2017-06-27, 53
2017-06-28, 56
2017-06-29, 69
2017-06-03, 33
2017-06-30, 84
2017-06-04, 51
2017-06-05, 71
2017-06-06, 56
2017-06-07, 61
2017-06-08, 71
2017-06-09, 73
2017-07-01, 98
2017-07-10, 55
2017-07-11, 68
2017-07-12, 97
2017-07-13, 88
2017-07-14, 78
2017-07-15, 83
2017-07-16, 85
2017-07-17, 54
2017-07-18, 72
2017-07-19, 25
2017-07-02, 56
2017-07-20, 43
2017-07-03, 20
2017-07-04, 21
2017-07-05, 27
2017-07-06, 47
2017-07-07, 59
2017-07-08, 58
2017-07-09, 52
2017-08-01, 92
2017-08-02, 151
2018-01-01, 30
2018-01-10, 54
2018-01-11, 55
2018-01-12, 53
2018-01-13, 37
2018-01-14, 28
2018-01-15, 26
2018-01-16, 30
2018-01-17, 35
2018-01-18, 66
2018-01-19, 69
2018-01-02, 48
2018-01-20, 41
2018-01-21, 57
2018-01-22, 48
2018-01-23, 55
2018-01-24, 55
2018-01-25, 48
2018-01-26, 43
2018-01-27, 33
2018-01-28, 39
2018-01-29, 33
2018-01-03, 27
2018-01-30, 57
2018-01-31, 24
2018-01-04, 22
2018-01-05, 35
2018-01-06, 44
2018-01-07, 47
2018-01-08, 32
2018-01-09, 28
2018-10-01, 62
2018-10-10, 43
2018-10-11, 48
2018-10-12, 24
2018-10-13, 39
2018-10-14, 65
2018-10-15, 24
2018-10-16, 44
2018-10-18, 60
2018-10-19, 46
2018-10-02, 59
2018-10-20, 35
2018-10-21, 31
2018-10-22, 34
2018-10-23, 52
2018-10-24, 70
2018-10-25, 40
2018-10-26, 55
2018-10-27, 77
2018-10-28, 37
2018-10-29, 19
2018-10-03, 85
2018-10-30, 41
2018-10-31, 67
2018-10-04, 73
2018-10-05, 36
2018-10-06, 23
2018-10-07, 31
2018-10-08, 53
2018-10-09, 52
2018-11-01, 64
2018-11-10, 33
2018-11-11, 41
2018-11-12, 65
2018-11-13, 65
2018-11-14, 61
2018-11-15, 64
2018-11-16, 49
2018-11-17, 43
2018-11-18, 51
2018-11-19, 48
2018-11-02, 56
2018-11-20, 23
2018-11-21, 36
2018-11-22, 47
2018-11-23, 54
2018-11-24, 50
2018-11-25, 27
2018-11-26, 32
2018-11-27, 37
2018-11-28, 47
2018-11-29, 56
2018-11-03, 73
2018-11-30, 53
2018-11-04, 50
2018-11-05, 23
2018-11-06, 40
2018-11-07, 47
2018-11-08, 40
2018-11-09, 16
2018-12-01, 65
2018-12-10, 34
2018-12-11, 50
2018-12-12, 66
2018-12-13, 59
2018-12-14, 73
2018-12-15, 79
2018-12-16, 72
2018-12-17, 39
2018-12-02, 31
2018-12-22, 55
2018-12-23, 90
2018-12-24, 41
2018-12-25, 46
2018-12-26, 40
2018-12-27, 44
2018-12-28, 46
2018-12-29, 56
2018-12-03, 31
2018-12-30, 65
2018-12-31, 55
2018-12-04, 36
2018-12-05, 50
2018-12-06, 67
2018-12-07, 63
2018-12-08, 38
2018-12-09, 22
2018-02-01, 25
2018-02-10, 65
2018-02-11, 55
2018-02-12, 45
2018-02-13, 37
2018-02-14, 12
2018-02-15, 17
2018-02-16, 23
2018-02-17, 28
2018-02-18, 31
2018-02-19, 31
2018-02-02, 26
2018-02-20, 45
2018-02-21, 35
2018-02-22, 34
2018-02-23, 52
2018-02-24, 36
2018-02-25, 36
2018-02-26, 39
2018-02-27, 47
2018-02-28, 44
2018-02-03, 37
2018-02-04, 25
2018-02-05, 35
2018-02-06, 31
2018-02-07, 28
2018-02-08, 40
2018-02-09, 72
2018-03-01, 66
2018-03-10, 38
2018-03-11, 54
2018-03-12, 58
2018-03-13, 61
2018-03-14, 47
2018-03-15, 56
2018-03-16, 34
2018-03-17, 44
2018-03-18, 53
2018-03-19, 54
2018-03-02, 66
2018-03-20, 74
2018-03-21, 58
2018-03-22, 28
2018-03-23, 38
2018-03-24, 54
2018-03-25, 57
2018-03-26, 44
2018-03-27, 47
2018-03-28, 44
2018-03-29, 55
2018-03-03, 64
2018-03-30, 69
2018-03-31, 52
2018-03-04, 35
2018-03-05, 52
2018-03-06, 56
2018-03-07, 67
2018-03-08, 52
2018-03-09, 25
2018-04-01, 46
2018-04-10, 47
2018-04-11, 52
2018-04-12, 61
2018-04-13, 63
2018-04-14, 71
2018-04-15, 40
2018-04-16, 24
2018-04-17, 23
2018-04-18, 27
2018-04-19, 42
2018-04-02, 38
2018-04-20, 63
2018-04-21, 64
2018-04-22, 72
2018-04-23, 58
2018-04-24, 71
2018-04-25, 75
2018-04-26, 70
2018-04-27, 74
2018-04-28, 66
2018-04-29, 76
2018-04-03, 34
2018-04-30, 87
2018-04-04, 42
2018-04-05, 44
2018-04-06, 55
2018-04-07, 52
2018-04-08, 54
2018-04-09, 52
2018-05-01, 72
2018-05-10, 33
2018-05-11, 52
2018-05-12, 85
2018-05-13, 52
2018-05-14, 37
2018-05-15, 50
2018-05-16, 62
2018-05-17, 65
2018-05-18, 41
2018-05-19, 58
2018-05-02, 83
2018-05-20, 32
2018-05-21, 22
2018-05-22, 58
2018-05-23, 88
2018-05-24, 89
2018-05-25, 60
2018-05-26, 60
2018-05-27, 63
2018-05-28, 66
2018-05-29, 56
2018-05-03, 63
2018-05-30, 52
2018-05-31, 58
2018-05-04, 62
2018-05-05, 78
2018-05-08, 49
2018-05-09, 29
2018-06-01, 87
2018-06-10, 68
2018-06-11, 69
2018-06-12, 83
2018-06-13, 76
2018-06-14, 50
2018-06-15, 16
2018-06-16, 27
2018-06-17, 17
2018-06-18, 26
2018-06-19, 33
2018-06-02, 93
2018-06-20, 45
2018-06-21, 58
2018-06-22, 93
2018-06-23, 86
2018-06-24, 100
2018-06-25, 88
2018-06-26, 54
2018-06-27, 92
2018-06-28, 110
2018-06-29, 98
2018-06-03, 92
2018-06-30, 80
2018-06-04, 38
2018-06-05, 30
2018-06-06, 63
2018-06-07, 73
2018-06-08, 72
2018-06-09, 47
2018-07-01, 109
2018-07-10, 67
2018-07-11, 20
2018-07-12, 23
2018-07-13, 49
2018-07-14, 78
2018-07-15, 115
2018-07-16, 115
2018-07-17, 114
2018-07-18, 104
2018-07-19, 108
2018-07-02, 105
2018-07-20, 108
2018-07-21, 109
2018-07-22, 97
2018-07-23, 36
2018-07-24, 74
2018-07-25, 76
2018-07-26, 56
2018-07-27, 69
2018-07-28, 94
2018-07-29, 105
2018-07-03, 110
2018-07-30, 113
2018-07-31, 100
2018-07-04, 87
2018-07-05, 53
2018-07-06, 102
2018-07-07, 127
2018-07-08, 103
2018-07-09, 111
2018-08-01, 35
2018-08-10, 32
2018-08-11, 30
2018-08-12, 39
2018-08-13, 28
2018-08-14, 39
2018-08-15, 59
2018-08-16, 49
2018-08-17, 30
2018-08-18, 23
2018-08-19, 44
2018-08-02, 21
2018-08-20, 62
2018-08-21, 65
2018-08-22, 68
2018-08-23, 74
2018-08-24, 103
2018-08-25, 96
2018-08-26, 41
2018-08-27, 18
2018-08-28, 30
2018-08-29, 50
2018-08-03, 37
2018-08-30, 64
2018-08-31, 60
2018-08-04, 51
2018-08-05, 45
2018-08-06, 45
2018-08-07, 60
2018-08-08, 48
2018-08-09, 57
2018-09-01, 101
2018-09-10, 76
2018-09-11, 60
2018-09-12, 51
2018-09-13, 39
2018-09-14, 63
2018-09-15, 70
2018-09-16, 52
2018-09-17, 18
2018-09-18, 38
2018-09-19, 47
2018-09-02, 101
2018-09-20, 49
2018-09-21, 47
2018-09-22, 60
2018-09-23, 74
2018-09-24, 57
2018-09-25, 87
2018-09-26, 78
2018-09-27, 80
2018-09-28, 79
2018-09-29, 57
2018-09-03, 81
2018-09-30, 43
2018-09-04, 50
2018-09-05, 21
2018-09-06, 22
2018-09-07, 40
2018-09-08, 56
2018-09-09, 74
2019-01-10, 47
2019-01-11, 71
2019-01-12, 53
2019-01-15, 61
2019-01-16, 58
2019-01-17, 57
2019-01-18, 48
2019-01-19, 49
2019-01-20, 48
2019-01-21, 36
2019-01-22, 50
2019-01-23, 63
2019-01-24, 58
2019-01-25, 58
2019-01-26, 42
2019-01-27, 49
2019-01-28, 36
2019-01-29, 58
2019-01-30, 68
2019-01-31, 91
2019-01-05, 31
2019-01-06, 53
2019-01-09, 59
2019-10-01, 52
2019-10-10, 38
2019-10-11, 35
2019-10-12, 55
2019-10-13, 60
2019-10-14, 51
2019-10-15, 51
2019-10-16, 31
2019-10-02, 56
2019-10-20, 28
2019-10-21, 20
2019-10-22, 53
2019-10-23, 61
2019-10-24, 43
2019-10-25, 46
2019-10-26, 88
2019-10-27, 59
2019-10-28, 50
2019-10-29, 41
2019-10-03, 61
2019-10-30, 53
2019-10-31, 57
2019-10-04, 65
2019-10-05, 61
2019-10-06, 78
2019-10-07, 28
2019-10-08, 11
2019-10-09, 27
2019-11-01, 57
2019-11-10, 46
2019-11-11, 35
2019-11-12, 31
2019-11-13, 17
2019-11-14, 38
2019-11-15, 41
2019-11-16, 30
2019-11-17, 37
2019-11-18, 37
2019-11-19, 40
2019-11-02, 54
2019-11-20, 43
2019-11-21, 31
2019-11-22, 44
2019-11-23, 45
2019-11-24, 33
2019-11-25, 33
2019-11-26, 36
2019-11-27, 54
2019-11-28, 55
2019-11-29, 19
2019-11-03, 41
2019-11-30, 51
2019-11-04, 59
2019-11-05, 42
2019-11-06, 36
2019-11-07, 29
2019-11-08, 38
2019-11-09, 51
2019-12-01, 60
2019-12-10, 54
2019-12-11, 49
2019-12-12, 59
2019-12-13, 36
2019-12-14, 48
2019-12-15, 39
2019-12-16, 29
2019-12-17, 39
2019-12-18, 29
2019-12-19, 32
2019-12-02, 38
2019-12-20, 21
2019-12-21, 46
2019-12-22, 30
2019-12-23, 13
2019-12-24, 25
2019-12-25, 29
2019-12-26, 39
2019-12-27, 42
2019-12-28, 53
2019-12-29, 50
2019-12-03, 23
2019-12-30, 51
2019-12-04, 42
2019-12-05, 62
2019-12-06, 45
2019-12-07, 34
2019-12-08, 38
2019-12-09, 43
2019-02-01, 58
2019-02-10, 7
2019-02-12, 65
2019-02-13, 46
2019-02-14, 38
2019-02-15, 38
2019-02-16, 56
2019-02-17, 30
2019-02-18, 38
2019-02-19, 58
2019-02-02, 86
2019-02-20, 48
2019-02-21, 45
2019-02-22, 51
2019-02-23, 63
2019-02-24, 64
2019-02-25, 60
2019-02-26, 54
2019-02-27, 35
2019-02-28, 38
2019-02-03, 75
2019-02-04, 39
2019-02-05, 18
2019-02-06, 28
2019-02-07, 41
2019-02-08, 30
2019-02-09, 7
2019-03-10, 54
2019-03-11, 20
2019-03-12, 17
2019-03-13, 38
2019-03-14, 34
2019-03-15, 28
2019-03-16, 31
2019-03-17, 29
2019-03-18, 23
2019-03-19, 39
2019-03-20, 31
2019-03-21, 24
2019-03-22, 13
2019-03-23, 15
2019-03-24, 37
2019-03-25, 55
2019-03-26, 59
2019-03-27, 59
2019-03-28, 44
2019-03-29, 20
2019-03-30, 22
2019-03-31, 29
2019-03-06, 38
2019-03-07, 39
2019-03-08, 41
2019-03-09, 34
2019-04-01, 45
2019-04-10, 15
2019-04-11, 62
2019-04-12, 82
2019-04-13, 80
2019-04-14, 77
2019-04-15, 40
2019-04-16, 49
2019-04-17, 37
2019-04-18, 36
2019-04-19, 35
2019-04-02, 45
2019-04-20, 47
2019-04-21, 59
2019-04-22, 77
2019-04-23, 96
2019-04-24, 57
2019-04-25, 64
2019-04-26, 71
2019-04-27, 79
2019-04-28, 72
2019-04-29, 48
2019-04-03, 47
2019-04-30, 35
2019-04-04, 69
2019-04-05, 79
2019-04-06, 83
2019-04-07, 41
2019-04-08, 33
2019-04-09, 13
2019-05-01, 59
2019-05-10, 43
2019-05-11, 64
2019-05-12, 75
2019-05-13, 61
2019-05-14, 49
2019-05-15, 63
2019-05-16, 17
2019-05-19, 37
2019-05-02, 66
2019-05-20, 31
2019-05-21, 49
2019-05-22, 63
2019-05-23, 68
2019-05-24, 72
2019-05-25, 53
2019-05-26, 15
2019-05-27, 31
2019-05-28, 47
2019-05-29, 67
2019-05-03, 99
2019-05-30, 42
2019-05-31, 44
2019-05-04, 93
2019-05-05, 105
2019-05-06, 79
2019-05-07, 70
2019-05-08, 47
2019-05-09, 34
2019-06-01, 60
2019-06-10, 110
2019-06-11, 67
2019-06-12, 101
2019-06-13, 101
2019-06-14, 110
2019-06-15, 78
2019-06-16, 84
2019-06-17, 108
2019-06-18, 79
2019-06-19, 77
2019-06-02, 33
2019-06-20, 97
2019-06-21, 109
2019-06-22, 46
2019-06-23, 66
2019-06-24, 92
2019-06-25, 66
2019-06-26, 67
2019-06-27, 88
2019-06-28, 65
2019-06-29, 72
2019-06-03, 29
2019-06-30, 84
2019-06-04, 27
2019-06-05, 13
2019-06-06, 14
2019-06-07, 59
2019-06-08, 73
2019-06-09, 104
2019-07-01, 76
2019-07-10, 68
2019-07-11, 90
2019-07-12, 107
2019-07-13, 118
2019-07-14, 113
2019-07-15, 116
2019-07-16, 90
2019-07-17, 44
2019-07-18, 42
2019-07-19, 41
2019-07-02, 66
2019-07-20, 62
2019-07-21, 75
2019-07-22, 87
2019-07-23, 55
2019-07-24, 87
2019-07-25, 106
2019-07-26, 97
2019-07-27, 78
2019-07-28, 62
2019-07-29, 44
2019-07-03, 88
2019-07-30, 59
2019-07-31, 66
2019-07-04, 82
2019-07-05, 47
2019-07-06, 23
2019-07-07, 40
2019-07-08, 49
2019-07-09, 48
2019-08-01, 57
2019-08-10, 99
2019-08-11, 88
2019-08-12, 72
2019-08-13, 60
2019-08-14, 85
2019-08-15, 11
2019-08-16, 35
2019-08-17, 58
2019-08-18, 70
2019-08-19, 68
2019-08-02, 76
2019-08-20, 29
2019-08-21, 14
2019-08-22, 25
2019-08-23, 22
2019-08-24, 24
2019-08-25, 24
2019-08-26, 24
2019-08-27, 46
2019-08-28, 64
2019-08-29, 55
2019-08-03, 85
2019-08-30, 68
2019-08-31, 92
2019-08-04, 19
2019-08-05, 25
2019-08-06, 23
2019-08-07, 48
2019-08-08, 57
2019-08-09, 66
2019-09-01, 88
2019-09-10, 62
2019-09-11, 81
2019-09-12, 102
2019-09-13, 102
2019-09-14, 37
2019-09-15, 31
2019-09-16, 68
2019-09-17, 76
2019-09-18, 109
2019-09-19, 86
2019-09-02, 43
2019-09-20, 79
2019-09-21, 95
2019-09-22, 13
2019-09-23, 7
2019-09-24, 23
2019-09-25, 49
2019-09-26, 53
2019-09-27, 49
2019-09-28, 33
2019-09-29, 33
2019-09-03, 30
2019-09-30, 39
2019-09-04, 68
2019-09-05, 40
2019-09-06, 13
2019-09-07, 23
2019-09-08, 47
2019-09-09, 57
2020-01-10, 34
2020-01-11, 36
2020-01-12, 38
2020-01-13, 30
2020-01-14, 21
2020-01-15, 31
2020-01-16, 5
2020-01-02, 29
2020-01-03, 32
2020-01-04, 14
2020-01-05, 12
2020-01-06, 28
2020-01-07, 17
2020-01-08, 32
2020-01-09, 25
2020-11-10, 61
2020-11-11, 35
2020-11-12, 57
2020-11-13, 43
2020-11-14, 61
2020-11-15, 66
2020-11-16, 55
2020-11-17, 46
2020-11-18, 27
2020-11-19, 23
2020-11-26, 8
2020-11-27, 32
2020-11-28, 63
2020-11-29, 62
2020-11-30, 55
2020-11-04, 45
2020-11-05, 31
2020-11-06, 26
2020-11-07, 31
2020-11-08, 46
2020-11-09, 59
2020-12-01, 51
2020-12-02, 42
2020-12-03, 48
2020-12-04, 54
2020-02-10, 23
2020-02-11, 15
2020-02-12, 23
2020-02-13, 12
2020-02-14, 18
2020-02-18, 68
2020-02-19, 55
2020-02-20, 43
2020-02-21, 49
2020-02-22, 37
2020-02-23, 29
2020-02-24, 32
2020-02-25, 44
2020-02-26, 35
2020-02-27, 27
2020-02-28, 46
2020-02-29, 54
2020-02-06, 31
2020-02-07, 36
2020-02-08, 28
2020-02-09, 21
2020-03-01, 53
2020-03-02, 33
2020-03-24, 41
2020-03-25, 36
2020-03-26, 34
2020-03-27, 42
2020-03-28, 49
2020-03-29, 56
2020-03-03, 35
2020-03-30, 63
2020-03-04, 130
2020-04-10, 35
2020-04-11, 41
2020-04-12, 46
2020-04-13, 36
2020-04-14, 60
2020-04-15, 54
2020-04-16, 47
2020-04-17, 69
2020-04-18, 46
2020-04-19, 52
2020-04-02, 53
2020-04-20, 32
2020-04-21, 33
2020-04-22, 49
2020-04-23, 60
2020-04-24, 50
2020-04-25, 59
2020-04-26, 83
2020-04-27, 149
2020-04-28, 206
2020-04-03, 53
2020-04-04, 52
2020-04-05, 50
2020-04-06, 56
2020-04-07, 60
2020-04-08, 56
2020-04-09, 28
2020-05-08, 55
2020-06-10, 65
2020-06-11, 49
2020-06-12, 59
2020-06-13, 88
2020-06-14, 94
2020-06-15, 20
2020-06-16, 30
2020-06-17, 46
2020-06-18, 49
2020-06-19, 49
2020-06-20, 61
2020-06-21, 68
2020-06-05, 55
2020-06-06, 64
2020-06-07, 68
2020-06-08, 32
2020-06-09, 53
2020-07-01, 34
2020-07-10, 49
2020-07-11, 67
2020-07-12, 67
2020-07-13, 75
2020-07-14, 69
2020-07-15, 36
2020-07-16, 37
2020-07-17, 45
2020-07-18, 75
2020-07-19, 88
2020-07-02, 33
2020-07-20, 64
2020-07-21, 70
2020-07-22, 84
2020-07-23, 102
2020-07-24, 88
2020-07-25, 77
2020-07-26, 73
2020-07-27, 40
2020-07-28, 53
2020-07-29, 77
2020-07-03, 61
2020-07-30, 26
2020-07-31, 19
2020-07-04, 56
2020-07-05, 59
2020-07-06, 86
2020-07-07, 68
2020-07-08, 62
2020-07-09, 54
2020-08-01, 29
2020-08-10, 91
2020-08-11, 80
2020-08-12, 96
2020-08-13, 81
2020-08-14, 89
2020-08-15, 92
2020-08-16, 65
2020-08-17, 39
2020-08-18, 40
2020-08-19, 43
2020-08-02, 47
2020-08-20, 47
2020-08-21, 43
2020-08-22, 13
2020-08-23, 19
2020-08-24, 25
2020-08-25, 25
2020-08-26, 26
2020-08-27, 34
2020-08-28, 49
2020-08-03, 48
2020-08-04, 65
2020-08-05, 63
2020-08-06, 66
2020-08-07, 74
2020-08-08, 82
2020-08-09, 86
2020-09-10, 108
2020-09-11, 103
2020-09-12, 99
2020-09-08, 92
2020-09-09, 101
2021-10-01, 61
2021-10-10, 45
2021-10-11, 36
2021-10-12, 34
2021-10-13, 37
2021-10-14, 60
2021-10-15, 64
2021-10-16, 54
2021-10-17, 42
2021-10-18, 34
2021-10-19, 36
2021-10-02, 66
2021-10-20, 34
2021-10-21, 40
2021-10-22, 47
2021-10-23, 58
2021-10-24, 70
2021-10-25, 48
2021-10-26, 54
2021-10-27, 66
2021-10-28, 67
2021-10-29, 52
2021-10-03, 70
2021-10-30, 57
2021-10-31, 50
2021-10-04, 76
2021-10-05, 68
2021-10-06, 41
2021-10-07, 53
2021-10-08, 55
2021-10-09, 51
2021-11-01, 57
2021-11-02, 43
2021-11-20, 18
2021-11-21, 22
2021-11-22, 44
2021-11-23, 47
2021-11-24, 56
2021-11-25, 46
2021-11-26, 63
2021-11-27, 56
2021-11-03, 33
2021-12-10, 16
2021-12-11, 26
2021-12-12, 45
2021-12-13, 52
2021-12-14, 36
2021-12-15, 47
2021-12-16, 37
2021-12-17, 43
2021-12-18, 34
2021-12-19, 20
2021-12-02, 46
2021-12-20, 21
2021-12-21, 29
2021-12-22, 37
2021-12-24, 32
2021-12-25, 19
2021-12-26, 30
2021-12-27, 30
2021-12-28, 46
2021-12-29, 48
2021-12-03, 52
2021-12-30, 56
2021-12-31, 42
2021-12-04, 20
2021-12-05, 30
2021-12-06, 37
2021-12-07, 28
2021-12-08, 17
2021-12-09, 16
2021-02-10, 27
2021-02-11, 32
2021-02-12, 35
2021-02-13, 51
2021-02-14, 31
2021-02-15, 31
2021-02-16, 39
2021-02-17, 42
2021-02-18, 53
2021-02-19, 52
2021-02-02, 39
2021-02-20, 56
2021-02-21, 55
2021-02-22, 43
2021-02-23, 42
2021-02-24, 39
2021-02-25, 61
2021-02-26, 46
2021-02-27, 48
2021-02-28, 45
2021-02-03, 52
2021-02-04, 64
2021-02-05, 54
2021-02-06, 27
2021-02-07, 33
2021-02-08, 31
2021-02-09, 26
2021-03-01, 37
2021-03-02, 40
2021-03-25, 52
2021-03-26, 32
2021-03-27, 37
2021-03-28, 40
2021-03-29, 27
2021-03-03, 61
2021-03-30, 44
2021-03-31, 30
2021-03-04, 53
2021-03-05, 46
2021-03-06, 23
2021-03-07, 19
2021-04-01, 46
2021-04-10, 47
2021-04-11, 40
2021-04-12, 54
2021-04-13, 53
2021-04-14, 11
2021-04-02, 32
2021-04-21, 40
2021-04-03, 21
2021-04-04, 29
2021-04-05, 23
2021-04-06, 27
2021-04-07, 25
2021-04-08, 7
2021-04-09, 17
2021-05-10, 54
2021-05-11, 55
2021-05-12, 71
2021-05-13, 43
2021-05-14, 20
2021-05-15, 37
2021-05-16, 52
2021-05-17, 62
2021-05-18, 65
2021-05-19, 48
2021-05-20, 66
2021-05-21, 99
2021-05-22, 105
2021-05-23, 78
2021-05-24, 35
2021-05-25, 43
2021-05-26, 90
2021-05-27, 89
2021-05-28, 96
2021-05-29, 96
2021-05-30, 61
2021-05-31, 58
2021-05-05, 81
2021-05-06, 108
2021-05-07, 110
2021-05-08, 35
2021-05-09, 47
2021-06-01, 44
2021-06-10, 50
2021-06-11, 70
2021-06-12, 53
2021-06-13, 55
2021-06-14, 34
2021-06-15, 39
2021-06-16, 70
2021-06-17, 36
2021-06-18, 28
2021-06-19, 46
2021-06-02, 51
2021-06-20, 57
2021-06-21, 71
2021-06-22, 38
2021-06-23, 54
2021-06-24, 24
2021-06-25, 48
2021-06-03, 96
2021-06-04, 100
2021-06-05, 77
2021-06-06, 75
2021-06-07, 82
2021-06-08, 46
2021-06-09, 29
2021-07-10, 71
2021-07-11, 91
2021-07-12, 121
2021-07-13, 101
2021-07-14, 92
2021-07-15, 118
2021-07-16, 103
2021-07-17, 93
2021-07-18, 45
2021-07-19, 57
2021-07-20, 46
2021-07-21, 72
2021-07-22, 82
2021-07-23, 97
2021-07-24, 98
2021-07-25, 130
2021-07-26, 117
2021-07-27, 130
2021-07-28, 89
2021-07-29, 32
2021-07-30, 45
2021-07-31, 46
2021-07-04, 72
2021-07-05, 55
2021-07-06, 56
2021-07-07, 52
2021-07-08, 52
2021-07-09, 62
2021-08-01, 49
2021-08-10, 75
2021-08-11, 113
2021-08-12, 73
2021-08-13, 23
2021-08-14, 34
2021-08-15, 53
2021-08-16, 73
2021-08-17, 85
2021-08-18, 79
2021-08-19, 125
2021-08-02, 59
2021-08-20, 105
2021-08-21, 115
2021-08-22, 120
2021-08-23, 95
2021-08-24, 128
2021-08-25, 142
2021-08-26, 135
2021-08-27, 128
2021-08-28, 37
2021-08-29, 31
2021-08-03, 86
2021-08-30, 37
2021-08-31, 29
2021-08-04, 43
2021-08-05, 45
2021-08-06, 40
2021-08-07, 70
2021-08-08, 69
2021-08-09, 75
2021-09-01, 34
2021-09-10, 70
2021-09-11, 79
2021-09-12, 70
2021-09-13, 88
2021-09-14, 96
2021-09-15, 113
2021-09-16, 63
2021-09-17, 32
2021-09-18, 49
2021-09-19, 74
2021-09-02, 43
2021-09-20, 124
2021-09-22, 32
2021-09-23, 43
2021-09-24, 41
2021-09-25, 72
2021-09-26, 80
2021-09-27, 94
2021-09-28, 92
2021-09-29, 88
2021-09-03, 57
2021-09-30, 86
2021-09-04, 82
2021-09-05, 101
2021-09-06, 73
2021-09-07, 68
2021-09-08, 60
2021-09-09, 93
2022-01-01, 16
2022-01-10, 15
2022-01-11, 32
2022-01-12, 28
2022-01-13, 31
2022-01-14, 39
2022-01-15, 59
2022-01-16, 65
2022-01-17, 28
2022-01-18, 31
2022-01-19, 43
2022-01-02, 109
2022-01-20, 32
2022-01-21, 55
2022-01-22, 59
2022-01-23, 50
2022-01-24, 55
2022-01-25, 61
2022-01-26, 61
2022-01-27, 45
2022-01-28, 22
2022-01-29, 27
2022-01-30, 19
2022-01-31, 13
2022-01-04, 19
2022-01-05, 26
2022-01-06, 18
2022-01-07, 16
2022-01-08, 11
2022-01-09, 14
2022-10-10, 85
2022-10-11, 67
2022-10-12, 105
2022-10-13, 63
2022-10-14, 69
2022-10-15, 63
2022-10-16, 54
2022-10-17, 58
2022-10-18, 66
2022-10-19, 55
2022-10-20, 56
2022-10-21, 76
2022-10-22, 58
2022-10-23, 52
2022-10-24, 47
2022-10-25, 58
2022-10-26, 29
2022-10-27, 45
2022-10-28, 67
2022-10-29, 69
2022-10-30, 67
2022-10-31, 30
2022-10-05, 35
2022-10-06, 50
2022-10-07, 57
2022-10-09, 64
2022-11-01, 36
2022-11-10, 53
2022-11-11, 64
2022-11-12, 57
2022-11-13, 43
2022-11-14, 47
2022-11-15, 46
2022-11-16, 47
2022-11-17, 47
2022-11-18, 34
2022-11-02, 9
2022-11-20, 34
2022-11-21, 40
2022-11-22, 52
2022-11-23, 47
2022-11-24, 37
2022-11-25, 15
2022-11-26, 13
2022-11-27, 12
2022-11-28, 24
2022-11-29, 29
2022-11-03, 14
2022-11-30, 22
2022-11-04, 18
2022-11-05, 19
2022-11-06, 14
2022-11-07, 16
2022-11-08, 20
2022-11-09, 30
2022-12-01, 33
2022-12-02, 25
2022-12-03, 45
2022-12-04, 37
2022-12-05, 14
2022-12-06, 14
2022-12-07, 13
2022-12-08, 17
2022-02-01, 14
2022-02-10, 32
2022-02-11, 31
2022-02-12, 29
2022-02-13, 27
2022-02-14, 25
2022-02-15, 51
2022-02-16, 45
2022-02-19, 23
2022-02-02, 28
2022-02-20, 39
2022-02-21, 40
2022-02-22, 49
2022-02-23, 64
2022-02-24, 68
2022-02-25, 53
2022-02-26, 54
2022-02-27, 50
2022-02-03, 38
2022-02-04, 30
2022-02-05, 22
2022-02-06, 24
2022-02-07, 26
2022-02-08, 20
2022-02-09, 38
2022-03-10, 77
2022-03-11, 61
2022-03-12, 48
2022-03-13, 46
2022-03-14, 43
2022-03-15, 53
2022-03-16, 48
2022-03-17, 50
2022-03-18, 59
2022-03-19, 54
2022-03-02, 41
2022-03-20, 53
2022-03-21, 28
2022-03-22, 26
2022-03-23, 25
2022-03-29, 43
2022-03-03, 45
2022-03-30, 13
2022-03-31, 17
2022-03-04, 57
2022-03-05, 59
2022-03-06, 82
2022-03-08, 64
2022-03-09, 67
2022-04-01, 9
2022-04-10, 12
2022-04-11, 10
2022-04-02, 13
2022-04-03, 9
2022-04-04, 8
2022-04-05, 9
2022-04-06, 6
2022-04-08, 13
2022-04-09, 12
2022-05-26, 62
2022-05-27, 108
2022-05-28, 63
2022-05-29, 91
2022-05-30, 67
2022-05-31, 52
2022-06-01, 19
2022-06-10, 68
2022-06-11, 43
2022-06-12, 31
2022-06-13, 38
2022-06-14, 54
2022-06-15, 44
2022-06-16, 61
2022-06-17, 112
2022-06-18, 117
2022-06-19, 28
2022-06-02, 69
2022-06-20, 48
2022-06-21, 65
2022-06-22, 98
2022-06-23, 79
2022-06-24, 86
2022-06-25, 111
2022-06-26, 105
2022-06-27, 30
2022-06-28, 48
2022-06-29, 72
2022-06-03, 62
2022-06-30, 87
2022-06-04, 29
2022-06-05, 32
2022-06-06, 46
2022-06-07, 69
2022-06-08, 76
2022-06-09, 43
2022-07-01, 74
2022-07-10, 66
2022-07-11, 55
2022-07-12, 52
2022-07-13, 41
2022-07-14, 27
2022-07-15, 53
2022-07-16, 86
2022-07-17, 91
2022-07-18, 47
2022-07-19, 38
2022-07-02, 110
2022-07-20, 46
2022-07-21, 37
2022-07-22, 56
2022-07-23, 106
2022-07-24, 112
2022-07-25, 116
2022-07-26, 107
2022-07-27, 109
2022-07-28, 91
2022-07-29, 105
2022-07-03, 83
2022-07-30, 52
2022-07-31, 39
2022-07-04, 84
2022-07-05, 99
2022-07-06, 92
2022-07-07, 108
2022-07-08, 87
2022-07-09, 98
2022-08-01, 54
2022-08-10, 57
2022-08-11, 37
2022-08-12, 30
2022-08-13, 38
2022-08-14, 53
2022-08-15, 70
2022-08-16, 75
2022-08-17, 75
2022-08-18, 48
2022-08-19, 70
2022-08-02, 85
2022-08-20, 13
2022-08-21, 21
2022-08-22, 34
2022-08-23, 43
2022-08-24, 63
2022-08-25, 70
2022-08-26, 77
2022-08-27, 78
2022-08-28, 87
2022-08-03, 110
2022-08-04, 93
2022-08-05, 100
2022-08-06, 75
2022-08-07, 41
2022-08-08, 50
2022-08-09, 39
2022-09-20, 95
2022-09-21, 72
2022-09-22, 52
2022-09-23, 54
2022-09-24, 46
2022-09-25, 44
2022-09-28, 148
2022-09-05, 11
2022-09-06, 5
2022-09-07, 17
2023-11-10, 79
2023-11-11, 57
2023-11-12, 64
2023-11-13, 65
2023-11-14, 61
2023-11-15, 51
2023-11-16, 46
2023-11-17, 44
2023-11-18, 72
2023-11-19, 58
2023-11-20, 51
2023-11-21, 27
2023-11-22, 47
2023-11-23, 49
2023-11-24, 37
2023-11-25, 17
2023-11-26, 28
2023-11-27, 47
2023-11-28, 64
2023-11-29, 45
2023-11-03, 23
2023-11-30, 26
2023-11-04, 38
2023-11-05, 26
2023-11-06, 37
2023-11-07, 38
2023-11-08, 44
2023-11-09, 62
2023-12-01, 35
2023-12-10, 20
2023-12-11, 31
2023-12-12, 23
2023-12-13, 30
2023-12-14, 48
2023-12-15, 53
2023-12-16, 81
2023-12-17, 87
2023-12-18, 60
2023-12-19, 45
2023-12-02, 65
2023-12-20, 42
2023-12-21, 28
2023-12-22, 43
2023-12-23, 59
2023-12-24, 36
2023-12-25, 37
2023-12-26, 59
2023-12-27, 34
2023-12-28, 36
2023-12-29, 43
2023-12-03, 65
2023-12-30, 65
2023-12-31, 38
2023-12-04, 61
2023-12-05, 47
2023-12-06, 47
2023-12-07, 49
2023-12-08, 46
2023-12-09, 28
2024-01-01, 29
2024-01-10, 43
2024-01-11, 40
2024-01-12, 28
2024-01-13, 33
2024-01-14, 18
2024-01-15, 35
2024-01-16, 45
2024-01-17, 35
2024-01-18, 41
2024-01-19, 60
2024-01-02, 51
2024-01-20, 33
2024-01-21, 30
2024-01-22, 26
2024-01-23, 21
2024-01-24, 17
2024-01-25, 22
2024-01-26, 13
2024-01-27, 26
2024-01-28, 23
2024-01-29, 38
2024-01-03, 46
2024-01-30, 40
2024-01-31, 63
2024-01-04, 32
2024-01-05, 15
2024-01-06, 30
2024-01-07, 27
2024-01-08, 41
2024-01-09, 49
2024-10-01, 74
2024-10-10, 68
2024-10-11, 63
2024-10-12, 63
2024-10-02, 80
2024-10-25, 23
2024-10-26, 28
2024-10-27, 46
2024-10-28, 22
2024-10-29, 43
2024-10-03, 134
2024-10-30, 45
2024-10-31, 39
2024-10-08, 46
2024-10-09, 65
2024-11-01, 35
2024-11-10, 18
2024-11-11, 31
2024-11-12, 30
2024-11-13, 45
2024-11-14, 25
2024-11-15, 36
2024-11-16, 37
2024-11-17, 38
2024-11-18, 33
2024-11-19, 34
2024-11-02, 41
2024-11-20, 44
2024-11-22, 16
2024-11-23, 21
2024-11-24, 18
2024-11-25, 21
2024-11-26, 31
2024-11-27, 50
2024-11-28, 55
2024-11-29, 50
2024-11-03, 45
2024-11-30, 33
2024-11-04, 55
2024-11-05, 28
2024-11-06, 35
2024-11-07, 28
2024-11-08, 18
2024-11-09, 17
2024-12-01, 37
2024-12-10, 41
2024-12-11, 33
2024-12-12, 21
2024-12-13, 30
2024-12-14, 50
2024-12-15, 35
2024-12-16, 23
2024-12-17, 26
2024-12-18, 30
2024-12-19, 35
2024-12-02, 46
2024-12-20, 41
2024-12-21, 39
2024-12-22, 21
2024-12-23, 29
2024-12-24, 19
2024-12-25, 27
2024-12-26, 27
2024-12-27, 12
2024-12-28, 11
2024-12-03, 32
2024-12-04, 14
2024-12-05, 23
2024-12-06, 41
2024-12-07, 43
2024-12-08, 35
2024-12-09, 29
2024-02-01, 64
2024-02-10, 53
2024-02-11, 48
2024-02-12, 57
2024-02-13, 49
2024-02-14, 33
2024-02-15, 29
2024-02-16, 18
2024-02-17, 37
2024-02-18, 28
2024-02-19, 23
2024-02-02, 48
2024-02-20, 44
2024-02-21, 36
2024-02-22, 89
2024-02-23, 120
2024-02-24, 113
2024-02-25, 63
2024-02-26, 83
2024-02-27, 59
2024-02-29, 82
2024-02-03, 40
2024-02-04, 51
2024-02-05, 51
2024-02-06, 41
2024-02-07, 58
2024-02-08, 54
2024-02-09, 56
2024-03-01, 111
2024-03-10, 36
2024-03-11, 37
2024-03-12, 35
2024-03-13, 40
2024-03-14, 49
2024-03-15, 70
2024-03-16, 71
2024-03-17, 69
2024-03-18, 55
2024-03-19, 44
2024-03-02, 45
2024-03-20, 60
2024-03-21, 78
2024-03-22, 48
2024-03-23, 23
2024-03-24, 27
2024-03-25, 26
2024-03-26, 38
2024-03-27, 43
2024-03-28, 32
2024-03-29, 42
2024-03-03, 33
2024-03-30, 39
2024-03-31, 39
2024-03-04, 37
2024-03-05, 63
2024-03-06, 48
2024-03-07, 40
2024-03-08, 35
2024-03-09, 36
2024-04-01, 54
2024-04-10, 61
2024-04-11, 62
2024-04-12, 73
2024-04-13, 47
2024-04-14, 50
2024-04-15, 50
2024-04-16, 50
2024-04-17, 52
2024-04-18, 52
2024-04-19, 26
2024-04-02, 58
2024-04-20, 35
2024-04-21, 45
2024-04-22, 56
2024-04-23, 66
2024-04-24, 83
2024-04-25, 80
2024-04-26, 58
2024-04-27, 67
2024-04-28, 63
2024-04-29, 64
2024-04-03, 67
2024-04-30, 62
2024-04-04, 66
2024-04-05, 68
2024-04-06, 67
2024-04-07, 46
2024-04-08, 40
2024-04-09, 55
2024-05-01, 89
2024-05-10, 57
2024-05-11, 52
2024-05-12, 71
2024-05-13, 71
2024-05-14, 74
2024-05-15, 43
2024-05-16, 32
2024-05-17, 72
2024-05-18, 80
2024-05-19, 84
2024-05-02, 102
2024-05-20, 51
2024-05-21, 50
2024-05-22, 57
2024-05-23, 70
2024-05-24, 101
2024-05-25, 57
2024-05-26, 33
2024-05-27, 24
2024-05-28, 30
2024-05-29, 38
2024-05-03, 104
2024-05-30, 29
2024-05-31, 36
2024-05-04, 66
2024-05-05, 70
2024-05-06, 73
2024-05-07, 67
2024-05-08, 75
2024-05-09, 71
2024-06-01, 44
2024-06-10, 91
2024-06-11, 61
2024-06-12, 105
2024-06-13, 84
2024-06-14, 84
2024-06-15, 66
2024-06-16, 69
2024-06-17, 91
2024-06-18, 59
2024-06-19, 65
2024-06-02, 43
2024-06-20, 84
2024-06-21, 103
2024-06-22, 96
2024-06-23, 90
2024-06-24, 88
2024-06-25, 61
2024-06-26, 26
2024-06-27, 55
2024-06-28, 65
2024-06-29, 81
2024-06-03, 76
2024-06-30, 70
2024-06-04, 57
2024-06-05, 31
2024-06-06, 58
2024-06-07, 87
2024-06-08, 96
2024-06-09, 104
2024-07-01, 33
2024-07-10, 41
2024-07-11, 42
2024-07-12, 83
2024-07-13, 23
2024-07-14, 57
2024-07-15, 51
2024-07-16, 42
2024-07-17, 82
2024-07-18, 81
2024-07-19, 74
2024-07-02, 52
2024-07-20, 80
2024-07-21, 106
2024-07-22, 79
2024-07-23, 93
2024-07-24, 66
2024-07-25, 78
2024-07-26, 102
2024-07-27, 111
2024-07-28, 103
2024-07-29, 96
2024-07-03, 59
2024-07-30, 76
2024-07-31, 26
2024-07-04, 83
2024-07-05, 105
2024-07-06, 123
2024-07-07, 62
2024-07-08, 57
2024-07-09, 33
2024-08-01, 36
2024-08-10, 79
2024-08-11, 15
2024-08-12, 52
2024-08-13, 44
2024-08-14, 42
2024-08-15, 51
2024-08-16, 91
2024-08-17, 127
2024-08-18, 131
2024-08-19, 124
2024-08-02, 62
2024-08-20, 117
2024-08-21, 161
2024-08-03, 60
2024-08-04, 59
2024-08-05, 55
2024-08-06, 68
2024-08-07, 84
2024-08-08, 82
2024-08-09, 73
2024-09-19, 40
2024-09-20, 46
2024-09-21, 83
2024-09-22, 50
2024-09-23, 72
2024-09-24, 100
2024-09-25, 96
2024-09-26, 97
2024-09-27, 114
2024-09-28, 78
2024-09-29, 29
2024-09-30, 32
2025-01-10, 31
2025-01-11, 27
2025-01-12, 29
2025-01-13, 22
2025-01-14, 22
2025-01-15, 25
2025-01-16, 28
2025-01-17, 33
2025-01-18, 21
2025-01-19, 23
2025-01-20, 29
2025-01-21, 21
2025-01-22, 24
2025-01-23, 38
2025-01-24, 28
2025-01-25, 46
2025-01-26, 83
2025-01-28, 19
2025-01-08, 35
2025-01-09, 30
2025-02-13, 39
2025-02-14, 39
2025-02-15, 45
2025-02-16, 53
2025-02-17, 31
2025-02-18, 34
2025-02-19, 45
2025-02-20, 37
2025-02-21, 45
2025-02-22, 47
2025-02-23, 33
2025-02-24, 42
2025-02-25, 37
2025-02-26, 43
2025-02-27, 40
2025-02-28, 46
2025-03-01, 56
2025-03-10, 35
2025-03-11, 27
2025-03-12, 45
2025-03-13, 43
2025-03-14, 43
2025-03-15, 32
2025-03-16, 25
2025-03-17, 21
2025-03-18, 32
2025-03-19, 32
2025-03-02, 53
2025-03-20, 18
2025-03-21, 21
2025-03-22, 31
2025-03-23, 37
2025-03-24, 38
2025-03-25, 33
2025-03-26, 51
2025-03-27, 43
2025-03-28, 37
2025-03-29, 41
2025-03-03, 43
2025-03-30, 59
2025-03-31, 51
2025-03-04, 36
2025-03-05, 32
2025-03-06, 44
2025-03-07, 54
2025-03-08, 26
2025-03-09, 28
2025-04-01, 39
2025-04-10, 43
2025-04-11, 43
2025-04-14, 34
2025-04-15, 16
2025-04-16, 38
2025-04-17, 57
2025-04-18, 57
2025-04-19, 35
2025-04-02, 55
2025-04-20, 29
2025-04-21, 24
2025-04-22, 22
2025-04-23, 33
2025-04-24, 47
2025-04-25, 43
2025-04-26, 44
2025-04-27, 35
2025-04-28, 59
2025-04-29, 49
2025-04-03, 44
2025-04-30, 32
2025-04-04, 28
2025-04-05, 18
2025-04-06, 56
2025-04-08, 15
2025-04-09, 52
2025-05-01, 41
2025-05-10, 55
2025-05-11, 32
2025-05-12, 17
2025-05-13, 30
2025-05-14, 35
2025-05-15, 29
2025-05-16, 47
2025-05-17, 58
2025-05-18, 63
2025-05-19, 57
2025-05-02, 39
2025-05-20, 56
2025-05-21, 67
2025-05-22, 95
2025-05-23, 73
2025-05-24, 18
2025-05-25, 27
2025-05-26, 38
2025-05-27, 55
2025-05-28, 51
2025-05-29, 30
2025-05-03, 44
2025-05-30, 22
2025-05-31, 60
2025-05-04, 61
2025-05-05, 61
2025-05-06, 53
2025-05-07, 71
2025-05-08, 68
2025-05-09, 72
2025-06-01, 55
